City_ID,City,Country,Date,Lat,Lng,Max Temp,Humidity,Cloudiness,Wind Speed
0,Mushie,CD,2021-07-16 13:44:15,-3.0167,16.9,101.35,16,28,5.06
1,Quang Ngai,VN,2021-07-16 13:42:55,15.1167,108.8,76.55,91,91,5.95
2,Vvedenskoye,RU,2021-07-16 13:44:16,55.4753,65.0847,70.25,49,19,5.06
3,Rikitea,PF,2021-07-16 13:44:16,-23.1203,-134.9692,71.91,65,0,2.33
4,Cape Town,ZA,2021-07-16 13:41:55,-33.9258,18.4232,68.41,47,0,3.0
5,Tasiilaq,GL,2021-07-16 13:44:17,65.6145,-37.6368,48.36,78,18,6.46
6,Kaihua,CN,2021-07-16 13:44:17,23.3687,104.28,66.76,95,100,4.79
7,Araxa,BR,2021-07-16 13:44:17,-19.5933,-46.9406,71.56,49,0,5.75
8,Cayenne,GF,2021-07-16 13:39:28,4.9333,-52.3333,84.24,70,0,1.14
9,Ushuaia,AR,2021-07-16 13:40:00,-54.8,-68.3,29.86,86,75,5.75
10,Faya,SA,2021-07-16 13:44:18,18.3851,42.4509,82.51,37,98,15.5
11,Busselton,AU,2021-07-16 13:44:18,-33.65,115.3333,50.09,78,100,5.55
12,Kiunga,PG,2021-07-16 13:44:18,-6.1219,141.2906,74.62,97,45,0.56
13,Nouadhibou,MR,2021-07-16 13:44:19,20.931,-17.0347,73.38,78,0,16.11
14,Hambantota,LK,2021-07-16 13:44:19,6.1241,81.1185,86.34,74,75,8.05
15,Bengkulu,ID,2021-07-16 13:44:19,-3.8004,102.2655,79.14,79,32,2.17
16,Hilo,US,2021-07-16 13:42:47,19.7297,-155.09,72.81,90,90,5.75
17,Chinhoyi,ZW,2021-07-16 13:44:20,-17.3667,30.2,63.63,53,100,4.27
18,Angoche,MZ,2021-07-16 13:44:20,-16.2325,39.9086,74.62,62,55,16.62
19,Hithadhoo,MV,2021-07-16 13:44:20,-0.6,73.0833,82.72,75,32,8.46
20,Caravelas,BR,2021-07-16 13:44:21,-17.7125,-39.2481,81.16,57,8,6.33
21,Port Alfred,ZA,2021-07-16 13:44:21,-33.5906,26.891,69.6,27,0,8.25
22,Nome,US,2021-07-16 13:44:21,64.5011,-165.4064,48.27,87,90,10.36
23,Nalut,LY,2021-07-16 13:44:22,30.3333,10.85,109.83,8,1,9.71
24,Mana,GF,2021-07-16 13:44:22,5.6592,-53.7767,82.38,68,10,4.97
25,Novouzensk,RU,2021-07-16 13:44:22,50.4592,48.1431,92.32,27,67,3.65
26,Kodiak,US,2021-07-16 13:44:23,57.79,-152.4072,62.11,59,1,9.22
27,Kapaa,US,2021-07-16 13:44:23,22.0752,-159.319,79.12,82,90,11.5
28,Mehamn,NO,2021-07-16 13:44:23,71.0357,27.8492,53.65,80,13,30.49
29,Pontes E Lacerda,BR,2021-07-16 13:44:24,-15.2261,-59.3353,81.05,46,2,4.27
30,Boa Vista,BR,2021-07-16 13:44:24,2.8197,-60.6733,75.18,88,90,8.05
31,East London,ZA,2021-07-16 13:44:24,-33.0153,27.9116,68.94,40,0,6.91
32,Half Moon Bay,US,2021-07-16 13:44:24,37.4636,-122.4286,57.88,89,90,0.0
33,Talaya,RU,2021-07-16 13:44:25,61.3833,152.75,60.49,56,87,8.34
34,Tiarei,PF,2021-07-16 13:44:25,-17.5333,-149.3333,71.62,69,21,23.87
35,Broken Hill,AU,2021-07-16 13:44:25,-31.95,141.4333,49.71,93,75,20.71
36,Hobart,AU,2021-07-16 13:40:22,-42.8794,147.3294,45.27,94,40,1.99
37,Vyshestebliyevskaya,RU,2021-07-16 13:44:26,45.1961,37.0181,88.21,50,5,9.22
38,Punta Arenas,CL,2021-07-16 13:44:26,-53.15,-70.9167,35.71,93,90,8.05
39,Luderitz,NA,2021-07-16 13:44:27,-26.6481,15.1594,68.02,38,0,11.03
40,Iqaluit,CA,2021-07-16 13:44:27,63.7506,-68.5145,60.53,59,75,11.99
41,Avarua,CK,2021-07-16 13:40:03,-21.2078,-159.775,75.25,88,90,5.75
42,Hermanus,ZA,2021-07-16 13:44:27,-34.4187,19.2345,62.8,56,1,3.47
43,Bluff,NZ,2021-07-16 13:44:28,-46.6,168.3333,45.81,95,100,1.7
44,Upernavik,GL,2021-07-16 13:44:28,72.7868,-56.1549,44.74,68,100,12.08
45,Ponta Do Sol,PT,2021-07-16 13:44:28,32.6667,-17.1,81.72,67,2,2.73
46,Senanga,ZM,2021-07-16 13:44:29,-16.1167,23.2667,81.64,21,77,7.67
47,Marsaxlokk,MT,2021-07-16 13:44:29,35.8419,14.5431,88.41,35,0,16.11
48,Dikson,RU,2021-07-16 13:44:29,73.5069,80.5464,34.07,89,100,13.82
49,Bethel,US,2021-07-16 13:44:30,41.3712,-73.414,85.28,79,1,1.01
50,Daru,PG,2021-07-16 13:44:30,-9.0763,143.2092,78.28,92,100,6.2
51,Shingu,JP,2021-07-16 13:44:30,33.7333,135.9833,77.92,93,94,4.83
52,Pareora,NZ,2021-07-16 13:44:31,-44.4871,171.2132,47.17,97,100,4.21
53,Albany,US,2021-07-16 13:39:40,42.6001,-73.9662,83.26,79,61,8.48
54,Beringovskiy,RU,2021-07-16 13:44:31,63.05,179.3167,47.01,92,94,12.62
55,Puerto Ayora,EC,2021-07-16 13:44:31,-0.7393,-90.3518,69.55,98,98,1.01
56,Mataura,NZ,2021-07-16 13:44:32,-46.1927,168.8643,45.48,99,100,3.0
57,Tiksi,RU,2021-07-16 13:44:32,71.6872,128.8694,40.53,95,100,4.34
58,Boguchany,RU,2021-07-16 13:44:32,58.3814,97.4531,67.5,75,77,0.98
59,Grand Forks,US,2021-07-16 13:44:32,47.9417,-97.4337,69.73,77,1,5.75
60,Mahebourg,MU,2021-07-16 13:44:33,-20.4081,57.7,73.69,73,75,17.27
61,Torbay,CA,2021-07-16 13:44:33,47.6666,-52.7314,74.28,76,75,20.71
62,Butaritari,KI,2021-07-16 13:44:33,3.0707,172.7902,82.72,79,100,15.66
63,Norman Wells,CA,2021-07-16 13:44:34,65.282,-126.8329,42.84,65,75,6.91
64,San Rafael,AR,2021-07-16 13:43:49,-34.6177,-68.3301,57.24,14,0,5.59
65,Itapissuma,BR,2021-07-16 13:44:34,-7.7764,-34.8922,75.24,80,37,8.86
66,Anzio,IT,2021-07-16 13:44:35,41.4853,12.6179,82.85,62,43,9.69
67,Codrington,AU,2021-07-16 13:44:36,-38.2667,141.9667,44.74,89,99,18.79
68,Tingi,TZ,2021-07-16 13:44:36,-11.3,35.0333,62.91,67,85,5.93
69,Carnarvon,AU,2021-07-16 13:44:36,-24.8667,113.6333,62.67,50,99,11.5
70,Svetlogorsk,BY,2021-07-16 13:44:37,52.6333,29.7333,87.91,44,30,2.44
71,Ostrovnoy,RU,2021-07-16 13:44:37,68.0531,39.5131,51.94,92,100,11.14
72,Korla,CN,2021-07-16 13:44:37,41.7597,86.1469,92.57,21,0,6.04
73,Aklavik,CA,2021-07-16 13:44:38,68.2191,-135.0107,50.83,76,40,4.61
74,Provideniya,RU,2021-07-16 13:44:38,64.3833,-173.3,46.6,96,100,6.87
75,Asau,RO,2021-07-16 13:44:38,46.4333,26.4,89.4,43,86,7.05
76,Clyde River,CA,2021-07-16 13:41:08,70.4692,-68.5914,46.63,87,75,12.66
77,Kunashak,RU,2021-07-16 13:44:39,55.7032,61.5498,77.52,62,99,2.26
78,Tuktoyaktuk,CA,2021-07-16 13:44:39,69.4541,-133.0374,46.4,87,75,9.22
79,Kruisfontein,ZA,2021-07-16 13:44:39,-34.0033,24.7314,71.89,17,0,4.68
80,Mar Del Plata,AR,2021-07-16 13:41:59,-38.0023,-57.5575,51.1,70,0,3.0
81,Atasu,KZ,2021-07-16 13:44:40,48.6814,71.6433,70.45,39,55,10.71
82,Yumen,CN,2021-07-16 13:44:40,40.2833,97.2,85.62,18,0,10.38
83,Geraldton,AU,2021-07-16 13:44:40,-28.7667,114.6,57.61,88,100,4.61
84,Kieta,PG,2021-07-16 13:44:41,-6.2167,155.6333,80.8,84,94,9.66
85,Havre-Saint-Pierre,CA,2021-07-16 13:44:41,50.2334,-63.5986,66.56,94,90,10.36
86,Jamestown,US,2021-07-16 13:44:41,42.097,-79.2353,73.09,93,90,1.01
87,Turukhansk,RU,2021-07-16 13:44:42,65.8167,87.9833,61.79,90,61,16.71
88,Port Elizabeth,ZA,2021-07-16 13:44:42,-33.918,25.5701,74.1,17,0,9.22
89,Derzhavinsk,KZ,2021-07-16 13:44:42,51.1,66.3167,70.11,54,100,7.07
90,Sambava,MG,2021-07-16 13:44:43,-14.2667,50.1667,73.63,74,100,15.21
91,Acarau,BR,2021-07-16 13:44:43,-2.8856,-40.12,87.08,56,37,14.61
92,Yulara,AU,2021-07-16 13:44:43,-25.2406,130.9889,49.84,40,100,8.05
93,Olinda,BR,2021-07-16 13:44:44,-8.0089,-34.8553,74.93,83,75,9.22
94,Cherskiy,RU,2021-07-16 13:44:44,68.75,161.3,46.24,59,1,6.17
95,Kavieng,PG,2021-07-16 13:44:44,-2.5744,150.7967,82.83,74,100,4.16
96,Yellowknife,CA,2021-07-16 13:42:12,62.456,-114.3525,49.32,61,20,8.05
97,Erdenet,MN,2021-07-16 13:44:45,49.0333,104.0833,60.1,89,100,1.97
98,Shakiso,ET,2021-07-16 13:44:45,5.75,38.9167,67.84,62,100,4.94
99,Lagoa,PT,2021-07-16 13:44:45,39.05,-27.9833,67.5,73,19,15.05
100,Dunedin,NZ,2021-07-16 13:44:46,-45.8742,170.5036,49.8,88,100,5.99
101,Klaksvik,FO,2021-07-16 13:44:46,62.2266,-6.589,52.72,85,91,28.19
102,Lavrentiya,RU,2021-07-16 13:44:46,65.5833,-171.0,44.83,90,2,10.07
103,Karratha,AU,2021-07-16 13:44:47,-20.7377,116.8463,69.28,27,39,11.99
104,Atuona,PF,2021-07-16 13:44:47,-9.8,-139.0333,77.76,70,15,25.9
105,Marica,BR,2021-07-16 13:44:47,-22.9194,-42.8186,82.29,69,70,14.09
106,Faanui,PF,2021-07-16 13:44:48,-16.4833,-151.75,80.17,68,38,23.6
107,Kushima,JP,2021-07-16 13:44:48,31.4583,131.2333,74.12,93,92,4.97
108,Barrow,US,2021-07-16 13:40:06,71.2906,-156.7887,44.62,87,1,9.22
109,Sechura,PE,2021-07-16 13:44:48,-5.5569,-80.8222,67.86,72,15,10.87
110,Ishigaki,JP,2021-07-16 13:44:49,24.3448,124.1572,84.31,74,100,11.61
111,Eureka,US,2021-07-16 13:44:49,40.8021,-124.1637,55.67,78,33,1.01
112,Bandarbeyla,SO,2021-07-16 13:44:49,9.4942,50.8122,83.12,58,100,27.76
113,Kaitangata,NZ,2021-07-16 13:44:50,-46.2817,169.8464,51.93,86,100,2.01
114,San Patricio,US,2021-07-16 13:44:50,28.017,-97.5169,84.87,76,64,14.47
115,Harrison,US,2021-07-16 13:41:57,30.4091,-89.0436,83.34,84,1,3.44
116,Sibu,MY,2021-07-16 13:44:50,2.3,111.8167,79.11,89,40,4.61
117,Verkhoyansk,RU,2021-07-16 13:44:51,67.5447,133.385,59.23,50,32,4.0
118,Batemans Bay,AU,2021-07-16 13:44:51,-35.7167,150.1833,53.98,65,100,10.54
119,Torrevieja,ES,2021-07-16 13:44:51,37.9787,-0.6822,91.81,65,0,7.0
120,Maxixe,MZ,2021-07-16 13:44:52,-23.8597,35.3472,62.42,94,75,6.91
121,Guerrero Negro,MX,2021-07-16 13:44:52,27.9769,-114.0611,67.91,84,99,12.08
122,Saldanha,ZA,2021-07-16 13:44:52,-33.0117,17.9442,69.85,45,0,5.73
123,Le Port,RE,2021-07-16 13:44:53,-20.9373,55.2919,71.62,73,51,5.84
124,Sao Joao Da Barra,BR,2021-07-16 13:44:53,-21.6403,-41.0511,78.89,52,2,7.65
125,Pandan,PH,2021-07-16 13:44:53,14.0453,124.1694,81.36,82,100,5.06
126,Taseyevo,RU,2021-07-16 13:44:54,57.2169,94.8978,62.46,97,4,4.09
127,Antalaha,MG,2021-07-16 13:44:54,-14.9003,50.2788,73.0,72,98,12.41
128,Georgetown,MY,2021-07-16 13:41:06,5.4112,100.3354,85.95,70,20,5.75
129,Saint-Philippe,RE,2021-07-16 13:44:54,-21.3585,55.7679,71.22,77,57,14.32
130,Khatanga,RU,2021-07-16 13:44:55,71.9667,102.5,46.69,53,48,9.89
131,Bud,US,2021-07-16 13:44:55,39.447,-86.1758,74.41,98,100,6.08
132,Hutchinson,US,2021-07-16 13:44:38,38.0608,-97.9298,73.35,87,90,1.99
133,Nicoya,CR,2021-07-16 13:40:59,10.1483,-85.452,76.55,79,66,8.19
134,Vila Franca Do Campo,PT,2021-07-16 13:44:56,37.7167,-25.4333,75.61,63,40,7.07
135,Chokurdakh,RU,2021-07-16 13:44:56,70.6333,147.9167,54.55,55,100,5.35
136,Dingle,PH,2021-07-16 13:44:56,10.9995,122.6711,77.18,84,100,3.74
137,Pevek,RU,2021-07-16 13:44:57,69.7008,170.3133,34.5,90,40,3.8
138,Los Llanos De Aridane,ES,2021-07-16 13:44:57,28.6585,-17.9182,71.35,69,20,14.97
139,Praia Da Vitoria,PT,2021-07-16 13:44:57,38.7333,-27.0667,68.25,94,75,15.64
140,Coihaique,CL,2021-07-16 13:44:57,-45.5752,-72.0662,38.01,93,75,3.44
141,Sitka,US,2021-07-16 13:44:58,57.0531,-135.33,53.49,94,75,3.44
142,Saint Anthony,US,2021-07-16 13:44:58,45.0205,-93.218,74.1,76,1,1.01
143,Klyuchi,RU,2021-07-16 13:44:58,52.2667,79.1667,61.09,57,100,12.24
144,Hurricane,US,2021-07-16 13:44:59,37.1753,-113.2899,81.59,47,39,1.01
145,Sao Jose Da Coroa Grande,BR,2021-07-16 13:44:59,-8.8978,-35.1478,78.24,80,21,9.95
146,Waingapu,ID,2021-07-16 13:44:59,-9.6567,120.2641,73.8,75,91,6.62
147,Airai,TL,2021-07-16 13:44:59,-8.9266,125.4092,56.46,75,35,2.28
148,Cabo San Lucas,MX,2021-07-16 13:40:02,22.8909,-109.9124,85.51,59,6,8.68
149,Nikolskoye,RU,2021-07-16 13:45:01,59.7035,30.7861,87.69,43,4,8.52
150,Piacabucu,BR,2021-07-16 13:45:01,-10.4056,-36.4344,78.55,65,85,9.42
151,Teruel,ES,2021-07-16 13:45:02,40.6667,-0.6667,81.88,24,0,11.72
152,Arona,ES,2021-07-16 13:45:07,28.0996,-16.681,81.7,61,0,18.41
153,Olga,RU,2021-07-16 13:45:07,43.7444,135.2892,68.54,97,4,4.76
154,Mizdah,LY,2021-07-16 13:45:08,31.4451,12.9801,105.64,13,0,7.85
155,Ancud,CL,2021-07-16 13:45:08,-41.8697,-73.8203,46.22,82,100,15.73
156,Namibe,AO,2021-07-16 13:45:08,-15.1961,12.1522,74.03,78,75,13.8
157,Vao,NC,2021-07-16 13:45:09,-22.6667,167.4833,73.06,88,26,11.45
158,Krasnovishersk,RU,2021-07-16 13:45:09,60.4078,57.082,69.39,66,66,4.59
159,Toora-Khem,RU,2021-07-16 13:45:09,52.4675,96.11,58.77,95,90,3.94
160,Valley City,US,2021-07-16 13:40:11,46.9233,-98.0032,68.74,60,0,14.12
161,Conakry,GN,2021-07-16 13:45:10,9.538,-13.6773,84.27,79,40,9.22
162,Thompson,CA,2021-07-16 13:45:10,55.7435,-97.8558,66.36,88,90,4.61
163,Plettenberg Bay,ZA,2021-07-16 13:45:10,-34.0527,23.3716,63.93,33,0,2.04
164,Vila,PT,2021-07-16 13:45:11,42.0304,-8.1588,85.75,27,0,3.29
165,Chanika,TZ,2021-07-16 13:45:11,-5.4167,38.0167,80.19,35,63,10.94
166,Teya,RU,2021-07-16 13:45:11,60.3778,92.6267,62.65,64,83,4.68
167,Kouango,CF,2021-07-16 13:45:12,4.9934,19.9619,88.3,54,57,3.74
168,New Norfolk,AU,2021-07-16 13:45:12,-42.7826,147.0587,44.1,91,78,2.77
169,Zhigansk,RU,2021-07-16 13:45:12,66.7697,123.3711,59.45,49,91,7.76
170,Tocopilla,CL,2021-07-16 13:45:13,-22.092,-70.1979,63.39,64,97,8.19
171,Severo-Kurilsk,RU,2021-07-16 13:45:13,50.6789,156.125,55.08,73,66,8.66
172,Kahului,US,2021-07-16 13:45:13,20.8947,-156.47,76.26,86,1,9.22
173,Jalu,LY,2021-07-16 13:45:14,29.0331,21.5482,102.34,16,1,12.68
174,Ahvaz,IR,2021-07-16 13:45:14,31.3203,48.6693,116.55,8,0,2.3
175,Souillac,MU,2021-07-16 13:45:15,-20.5167,57.5167,73.78,73,75,17.27
176,Omboue,GA,2021-07-16 13:45:15,-1.5746,9.2618,76.6,69,80,10.71
177,Lengshuitan,CN,2021-07-16 13:45:15,26.4111,111.5956,84.22,63,97,4.99
178,Danielskuil,ZA,2021-07-16 13:45:15,-28.1887,23.5395,59.59,27,0,6.96
179,Talnakh,RU,2021-07-16 13:45:16,69.4865,88.3972,55.4,54,100,13.09
180,Sioux Lookout,CA,2021-07-16 13:45:16,50.1001,-91.917,68.38,72,90,4.61
181,Karaton,ID,2021-07-16 13:45:16,-6.3424,106.1045,80.76,83,28,1.63
182,Goure,NE,2021-07-16 13:45:17,13.9835,10.2704,97.59,32,94,9.86
183,Brae,GB,2021-07-16 13:45:17,60.3964,-1.353,57.11,81,0,21.12
184,Kampong Thum,KH,2021-07-16 13:45:17,12.7111,104.8887,75.43,89,34,4.72
185,Riosucio,CO,2021-07-16 13:45:18,5.4216,-75.7032,63.03,78,98,0.81
186,La Ronge,CA,2021-07-16 13:45:18,55.1001,-105.2842,62.85,67,20,10.36
187,Beaverlodge,CA,2021-07-16 13:45:19,55.2166,-119.4361,49.35,92,100,11.14
188,Luganville,VU,2021-07-16 13:45:19,-15.5333,167.1667,78.39,89,54,7.65
189,Poum,NC,2021-07-16 13:45:19,-20.2333,164.0167,74.32,84,3,7.67
190,Steinkjer,NO,2021-07-16 13:45:19,64.193,11.3851,55.53,68,98,10.04
191,Pilar,BR,2021-07-16 13:45:20,-9.5972,-35.9567,73.33,79,68,8.86
192,Opuwo,NA,2021-07-16 13:45:20,-18.0607,13.84,79.23,18,1,6.87
193,Kpandu,GH,2021-07-16 13:45:20,6.9954,0.2931,82.18,69,100,2.57
194,Haines Junction,CA,2021-07-16 13:45:21,60.7522,-137.5108,40.95,87,6,1.14
195,Qianan,CN,2021-07-16 13:45:21,44.9932,124.0581,78.64,74,13,9.06
196,Mount Gambier,AU,2021-07-16 13:45:21,-37.8333,140.7667,44.51,87,75,20.71
197,Katsuura,JP,2021-07-16 13:45:22,35.1333,140.3,81.1,90,89,3.85
198,Constitucion,CL,2021-07-16 13:43:21,-35.3333,-72.4167,50.4,83,100,7.2
199,Loanda,AO,2021-07-16 13:41:05,-8.8368,13.2343,77.0,73,20,9.22
200,Chisindia,RO,2021-07-16 13:45:22,46.2833,22.1,86.99,57,94,6.82
201,Pimentel,PE,2021-07-16 13:45:23,-6.8367,-79.9342,66.49,77,90,5.75
202,Bredasdorp,ZA,2021-07-16 13:45:23,-34.5322,20.0403,67.32,34,0,9.22
203,Muros,ES,2021-07-16 13:45:23,42.7762,-9.0603,94.68,59,0,6.2
204,Itoman,JP,2021-07-16 13:45:23,26.1247,127.6694,84.22,71,20,12.66
205,Meulaboh,ID,2021-07-16 13:45:24,4.1363,96.1285,79.56,84,8,3.13
206,Pisco,PE,2021-07-16 13:45:24,-13.7,-76.2167,63.01,77,90,6.91
207,Deputatskiy,RU,2021-07-16 13:45:24,69.3,139.9,48.38,59,49,3.89
208,Rawson,AR,2021-07-16 13:43:23,-43.3002,-65.1023,46.6,45,0,21.52
209,Straumen,NO,2021-07-16 13:45:25,63.8709,11.2999,68.5,60,73,8.03
210,Ilulissat,GL,2021-07-16 13:45:25,69.2167,-51.1,55.42,38,20,14.97
211,Fukue,JP,2021-07-16 13:45:25,32.6881,128.8419,79.12,73,99,4.45
212,Seoul,KR,2021-07-16 13:45:26,37.5683,126.9778,77.41,85,0,6.91
213,Tilichiki,RU,2021-07-16 13:45:26,60.4667,166.1,48.11,92,96,6.24
214,Inhambane,MZ,2021-07-16 13:45:26,-23.865,35.3833,62.58,94,75,6.91
215,Cangzhou,CN,2021-07-16 13:45:27,38.3167,116.8667,77.68,88,11,6.42
216,Tomatlan,MX,2021-07-16 13:45:27,19.9333,-105.25,75.78,89,100,3.11
217,Bambous Virieux,MU,2021-07-16 13:45:27,-20.3428,57.7575,73.65,73,75,17.27
218,Baykit,RU,2021-07-16 13:45:28,61.67,96.37,68.79,54,31,4.97
219,Te Anau,NZ,2021-07-16 13:45:28,-45.4167,167.7167,46.63,98,100,2.35
220,Kysyl-Syr,RU,2021-07-16 13:45:29,63.8986,122.7617,57.25,54,6,5.26
221,Nchelenge,ZM,2021-07-16 13:45:29,-9.3451,28.734,78.64,40,0,4.65
222,Touros,BR,2021-07-16 13:45:29,-5.1989,-35.4608,83.3,63,40,13.71
223,Lahat,ID,2021-07-16 13:45:30,-3.8,103.5333,74.17,94,72,3.15
224,Yeppoon,AU,2021-07-16 13:45:30,-23.1333,150.7333,67.78,66,32,8.1
225,Rio Gallegos,AR,2021-07-16 13:45:30,-51.6226,-69.2181,37.45,93,90,8.05
226,Paramonga,PE,2021-07-16 13:45:31,-10.6667,-77.8333,64.98,76,59,5.55
227,Palampur,IN,2021-07-16 13:45:31,32.1167,76.5333,77.58,80,99,0.47
228,Abay,KZ,2021-07-16 13:45:31,49.6311,72.8539,66.58,59,24,7.76
229,Elizabeth City,US,2021-07-16 13:45:32,36.2946,-76.2511,86.02,82,1,3.0
230,Tazovskiy,RU,2021-07-16 13:45:32,67.4667,78.7,53.47,67,100,9.22
231,Uvat,RU,2021-07-16 13:45:32,59.1433,68.8953,57.22,89,77,6.29
232,Qaanaaq,GL,2021-07-16 13:45:33,77.484,-69.3632,37.29,99,100,9.01
233,Conceicao Do Araguaia,BR,2021-07-16 13:45:33,-8.2578,-49.2647,84.33,54,0,4.61
234,Van,TR,2021-07-16 13:45:33,38.4924,43.3831,76.35,47,40,13.8
235,Mayo,US,2021-07-16 13:45:34,38.8876,-76.5119,89.42,72,1,1.01
236,Kushmurun,KZ,2021-07-16 13:45:34,52.4503,64.6311,69.87,61,54,7.94
237,Itupiranga,BR,2021-07-16 13:45:34,-5.1347,-49.3267,86.32,38,86,2.33
238,Bowen,AU,2021-07-16 13:45:35,-20.0167,148.2333,71.82,95,12,4.74
239,Kotelnich,RU,2021-07-16 13:45:35,58.3089,48.348,80.55,46,29,12.01
240,Hasaki,JP,2021-07-16 13:45:35,35.7333,140.8333,73.8,88,92,6.17
241,Husavik,IS,2021-07-16 13:45:36,66.0449,-17.3389,55.31,96,100,12.59
242,Waipawa,NZ,2021-07-16 13:45:36,-41.4122,175.5153,53.46,72,100,15.35
243,Rawah,IQ,2021-07-16 13:45:36,34.4816,41.9093,105.64,14,0,9.48
244,Algiers,DZ,2021-07-16 13:41:58,36.7525,3.042,82.22,54,0,13.8
245,Hastings,GB,2021-07-16 13:45:37,50.8552,0.5729,80.38,53,0,5.55
246,Hobyo,SO,2021-07-16 13:45:37,5.3505,48.5268,79.63,69,6,32.37
247,Arraial Do Cabo,BR,2021-07-16 13:45:37,-22.9661,-42.0278,78.76,78,0,13.8
248,Kodinsk,RU,2021-07-16 13:45:38,58.6881,99.1844,69.24,64,67,2.19
249,Vaini,TO,2021-07-16 13:45:38,-21.2,-175.2,73.56,94,75,12.66
250,High Level,CA,2021-07-16 13:45:38,58.5169,-117.136,42.91,93,75,6.91
251,Dali,CN,2021-07-16 13:45:38,25.7,100.1833,65.68,89,100,3.44
252,Salta,AR,2021-07-16 13:45:39,-24.7859,-65.4117,55.58,67,20,0.0
253,Monrovia,LR,2021-07-16 13:45:39,6.3005,-10.7969,83.97,75,100,9.28
254,Rio Tercero,AR,2021-07-16 13:45:40,-32.173,-64.1141,53.47,27,2,12.71
255,Chalinze,TZ,2021-07-16 13:45:40,-6.6378,38.354,86.97,27,38,9.17
256,Nuuk,GL,2021-07-16 13:45:40,64.1835,-51.7216,52.41,82,40,8.05
257,Camana,PE,2021-07-16 13:45:41,-16.6228,-72.7111,62.13,82,56,10.33
258,Saskylakh,RU,2021-07-16 13:45:41,71.9167,114.0833,48.24,82,100,7.27
259,Zwedru,LR,2021-07-16 13:45:41,6.0667,-8.1281,80.69,77,97,3.96
260,Esperance,AU,2021-07-16 13:45:42,-33.8667,121.9,55.24,78,96,13.31
261,Kaeo,NZ,2021-07-16 13:45:42,-35.1,173.7833,61.32,94,100,19.22
262,Victoria,HK,2021-07-16 13:45:11,22.2855,114.1577,86.32,83,86,1.99
263,Horta,PT,2021-07-16 13:45:42,38.5333,-28.6333,73.04,56,40,17.27
264,Dangara,IN,2021-07-16 13:45:43,29.6799,75.8931,97.18,42,94,3.24
265,Labuhan,ID,2021-07-16 13:45:43,-6.8844,112.2051,77.79,73,41,6.2
266,Susurluk,TR,2021-07-16 13:45:43,39.9136,28.1578,95.49,21,0,15.75
267,Yashkul,RU,2021-07-16 13:45:44,46.1711,45.3435,99.91,17,57,6.22
268,Covington,US,2021-07-16 13:45:44,39.0837,-84.5086,81.16,87,20,1.01
269,Sabang,ID,2021-07-16 13:45:44,5.8933,95.3214,82.99,75,5,3.87
270,Tupelo,US,2021-07-16 13:45:45,34.2576,-88.7034,80.47,80,1,8.99
271,Longyearbyen,SJ,2021-07-16 13:45:45,78.2186,15.6401,53.44,62,75,14.97
272,Lasa,IT,2021-07-16 13:45:45,46.6166,10.7002,72.01,73,100,4.59
273,Bosaso,SO,2021-07-16 13:45:45,11.2842,49.1816,93.18,55,90,5.75
274,Amberley,US,2021-07-16 13:45:46,39.2048,-84.428,79.99,88,20,1.01
275,Balaguer,ES,2021-07-16 13:45:46,41.7912,0.8109,94.17,24,0,8.9
276,Ucluelet,CA,2021-07-16 13:45:46,48.9329,-125.5528,59.09,91,100,4.23
277,Ulagan,RU,2021-07-16 13:45:47,50.6321,87.9563,56.01,87,100,2.91
278,Palamos,ES,2021-07-16 13:45:47,41.8484,3.1291,88.79,48,0,3.0
279,Chumikan,RU,2021-07-16 13:45:47,54.7183,135.315,67.26,85,35,10.85
280,Mahibadhoo,MV,2021-07-16 13:45:48,3.7833,72.9667,83.14,75,8,8.66
281,Vallenar,CL,2021-07-16 13:45:49,-28.5708,-70.7581,61.81,44,0,2.24
282,Sistranda,NO,2021-07-16 13:45:49,63.7256,8.834,62.56,89,97,22.95
283,Kargasok,RU,2021-07-16 13:45:50,59.0556,80.8572,54.93,92,100,5.1
284,Isangel,VU,2021-07-16 13:45:50,-19.55,169.2667,74.93,92,35,10.18
285,Codo,BR,2021-07-16 13:42:18,-4.4553,-43.8856,90.45,40,0,5.26
286,Hokitika,NZ,2021-07-16 13:45:51,-42.7167,170.9667,56.93,96,100,18.63
287,Garden City,US,2021-07-16 13:44:04,42.3256,-83.331,70.99,93,90,5.75
288,Manzhouli,CN,2021-07-16 13:45:51,49.6,117.4333,69.93,56,100,2.51
289,Vilyuysk,RU,2021-07-16 13:45:51,63.7553,121.6247,57.34,57,6,5.1
290,Phan Thiet,VN,2021-07-16 13:41:54,10.9333,108.1,79.54,82,100,9.84
291,Tuatapere,NZ,2021-07-16 13:45:52,-46.1333,167.6833,45.82,98,100,2.21
292,Noumea,NC,2021-07-16 13:45:52,-22.2763,166.4572,73.99,99,19,4.85
293,Antofagasta,CL,2021-07-16 13:45:53,-23.65,-70.4,65.21,60,88,6.29
294,Moranbah,AU,2021-07-16 13:45:53,-22.0016,148.0466,63.63,38,98,7.99
295,Shimoda,JP,2021-07-16 13:45:53,34.6667,138.95,75.11,90,100,5.75
296,Udachnyy,RU,2021-07-16 13:45:54,66.4167,112.4,64.94,58,2,11.48
297,Mayumba,GA,2021-07-16 13:45:54,-3.432,10.6554,75.42,74,2,9.62
298,Ca Mau,VN,2021-07-16 13:45:54,9.1769,105.15,77.56,83,97,3.47
299,Dedza,MW,2021-07-16 13:45:55,-14.3779,34.3332,58.44,64,76,6.46
300,Hammerfest,NO,2021-07-16 13:45:55,70.6634,23.6821,52.25,82,75,29.93
301,Naze,JP,2021-07-16 13:45:55,28.3667,129.4833,77.29,77,4,7.78
302,Vila Velha,BR,2021-07-16 13:43:50,-20.3297,-40.2925,78.96,63,0,6.91
303,Mier,MX,2021-07-16 13:45:56,26.4333,-99.15,83.08,60,19,19.89
304,Slatina,RO,2021-07-16 13:45:56,44.4333,24.3667,94.44,27,0,15.97
305,Saint-Jacques,CA,2021-07-16 13:45:56,45.9501,-73.5659,73.06,77,100,9.22
306,Biskamzha,RU,2021-07-16 13:45:57,53.4497,89.5272,59.94,97,100,0.56
307,Brownsville,US,2021-07-16 13:42:40,25.9018,-97.4975,83.91,85,20,4.0
308,Bardiyah,LY,2021-07-16 13:45:57,31.7561,25.0865,84.47,62,0,22.28
309,Xixiang,CN,2021-07-16 13:45:58,35.1628,112.865,81.28,80,20,3.06
310,Lensk,RU,2021-07-16 13:45:58,60.7253,114.9278,65.07,64,58,1.63
311,Coquimbo,CL,2021-07-16 13:45:58,-29.9533,-71.3436,49.73,87,90,6.91
312,Rajura,IN,2021-07-16 13:45:59,19.7833,79.3667,84.99,69,99,5.84
313,San Carlos De Bariloche,AR,2021-07-16 13:45:59,-41.1456,-71.3082,39.43,67,75,12.66
314,Alofi,NU,2021-07-16 13:45:59,-19.0595,-169.9187,75.09,88,28,12.66
315,Mitsamiouli,KM,2021-07-16 13:46:00,-11.3847,43.2844,78.26,68,27,14.29
316,Moose Factory,CA,2021-07-16 13:46:00,51.2585,-80.6094,59.0,82,1,3.44
317,Troitsk,RU,2021-07-16 13:46:01,54.0979,61.5773,65.82,85,86,1.59
318,Road Town,VG,2021-07-16 13:46:01,18.4167,-64.6167,84.24,70,40,14.97
319,Zyryanka,RU,2021-07-16 13:46:01,65.75,150.85,59.92,64,100,6.4
320,Okha,RU,2021-07-16 13:46:02,53.5739,142.9478,65.28,99,100,7.54
321,Ahuimanu,US,2021-07-16 13:46:02,21.4447,-157.8378,78.51,71,75,11.5
322,Margate,GB,2021-07-16 13:46:02,51.3813,1.3862,77.86,61,0,4.0
323,Qaqortoq,GL,2021-07-16 13:46:03,60.7167,-46.0333,55.9,61,100,0.63
324,Kloulklubed,PW,2021-07-16 13:46:03,7.0419,134.2556,79.3,80,100,18.66
325,Burgos,ES,2021-07-16 13:46:03,42.3394,-3.7079,77.41,27,0,11.5
326,Nanortalik,GL,2021-07-16 13:46:04,60.1432,-45.2371,52.39,65,100,3.67
327,Srednekolymsk,RU,2021-07-16 13:46:04,67.45,153.6833,54.82,52,98,6.4
328,Zabol,AF,2021-07-16 13:46:04,32.25,67.25,75.42,55,100,18.23
329,Kalmunai,LK,2021-07-16 13:46:05,7.4167,81.8167,82.69,77,61,7.85
330,Cordoba,AR,2021-07-16 13:42:41,-31.4135,-64.1811,61.75,39,0,3.0
331,Panaba,MX,2021-07-16 13:46:05,21.2833,-88.2667,84.11,66,1,6.08
332,Nizhniy Kislyay,RU,2021-07-16 13:46:05,50.8497,40.1719,70.79,90,95,8.52
333,Lompoc,US,2021-07-16 13:46:06,34.6391,-120.4579,62.56,92,90,0.0
334,Ivybridge,GB,2021-07-16 13:46:06,50.3904,-3.9191,80.06,75,70,0.4
335,Harindanga,IN,2021-07-16 13:46:06,22.0383,88.3214,87.78,74,100,11.61
336,Hirara,JP,2021-07-16 13:46:07,24.8,125.2833,84.0,74,98,15.39
337,Ribeira Grande,PT,2021-07-16 13:46:07,38.5167,-28.7,73.8,56,40,17.27
338,Sisimiut,GL,2021-07-16 13:46:07,66.9395,-53.6735,54.01,53,0,1.07
339,Lebedinyy,RU,2021-07-16 13:46:07,58.5167,125.5167,51.44,89,100,3.31
340,Alice,US,2021-07-16 13:46:08,27.7523,-98.0697,84.31,91,75,10.36
341,Kailua,US,2021-07-16 13:42:01,21.4022,-157.7394,78.78,70,75,11.5
342,Lebu,CL,2021-07-16 13:46:08,-37.6167,-73.65,50.34,69,31,15.19
343,Nador,MA,2021-07-16 13:46:08,35.174,-2.9287,82.47,69,75,10.36
344,Antsohihy,MG,2021-07-16 13:46:09,-14.8796,47.9875,82.85,40,44,11.36
345,Talcahuano,CL,2021-07-16 13:46:09,-36.7167,-73.1167,44.28,100,75,2.3
346,Porto Velho,BR,2021-07-16 13:46:09,-8.7619,-63.9039,80.65,74,0,2.3
347,Flinders,AU,2021-07-16 13:46:10,-34.5833,150.8552,57.25,62,88,1.99
348,Neryungri,RU,2021-07-16 13:46:10,56.6709,124.6491,54.97,91,100,5.53
349,Kautokeino,NO,2021-07-16 13:46:10,69.0125,23.0412,52.77,69,100,17.81
350,Hualmay,PE,2021-07-16 13:46:11,-11.0964,-77.6139,64.38,77,39,5.06
351,Minsk,BY,2021-07-16 13:46:11,53.9,27.5667,89.35,47,14,3.42
352,Victoria Point,AU,2021-07-16 13:46:11,-27.5833,153.3,64.98,70,0,5.99
353,Ust-Nera,RU,2021-07-16 13:46:12,64.5667,143.2,61.43,82,100,5.77
354,Lumsden,CA,2021-07-16 13:46:12,50.6501,-104.8678,73.0,54,0,6.89
355,Maceio,BR,2021-07-16 13:44:19,-9.6658,-35.7353,74.64,100,75,10.36
356,Saint George,US,2021-07-16 13:46:12,37.1041,-113.5841,80.35,83,1,3.44
357,Kralendijk,BQ,2021-07-16 13:46:13,12.15,-68.2667,84.18,74,40,18.41
358,Singaraja,ID,2021-07-16 13:46:13,-8.112,115.0882,77.18,80,100,6.02
359,High Prairie,CA,2021-07-16 13:46:13,55.4334,-116.4858,47.57,83,100,10.13
360,Barra Patuca,HN,2021-07-16 13:46:14,15.8,-84.2833,80.1,80,57,2.13
361,Santa Marta,CO,2021-07-16 13:46:14,11.2408,-74.199,85.98,73,100,8.5
362,Yerbogachen,RU,2021-07-16 13:46:14,61.2767,108.0108,68.16,66,100,5.21
363,Carutapera,BR,2021-07-16 13:46:15,-1.195,-46.02,86.31,60,16,8.28
364,Saint-Pierre,RE,2021-07-16 13:46:15,-21.3393,55.4781,71.29,70,90,18.41
365,Balsas,BR,2021-07-16 13:46:15,-7.5325,-46.0356,91.04,30,37,8.3
366,Nemuro,JP,2021-07-16 13:46:16,43.3236,145.575,61.83,99,100,8.88
367,Lixourion,GR,2021-07-16 13:46:16,38.2019,20.4314,91.26,58,20,16.11
368,Kamenka,RU,2021-07-16 13:46:16,51.3223,42.7678,68.58,80,100,9.75
369,Castro,BR,2021-07-16 13:46:17,-24.7911,-50.0119,58.6,98,100,3.0
370,Gympie,AU,2021-07-16 13:46:17,-26.1898,152.665,57.31,67,3,3.6
371,Bytosh,RU,2021-07-16 13:46:17,53.8186,34.0912,86.16,60,97,5.41
372,San Jose,US,2021-07-16 13:45:58,37.3394,-121.895,58.05,88,75,8.05
373,Zhob,PK,2021-07-16 13:44:27,31.3411,69.4481,86.16,47,30,9.28
374,North Branch,US,2021-07-16 13:46:19,45.5113,-92.9802,74.1,83,0,1.81
375,Sabha,LY,2021-07-16 13:46:19,27.0377,14.4283,104.72,12,1,12.03
376,Bambanglipuro,ID,2021-07-16 13:46:19,-7.95,110.2833,75.79,81,97,8.72
377,Zheleznodorozhnyy,RU,2021-07-16 13:46:20,55.7503,38.0042,90.95,34,86,7.43
378,Floresta,BR,2021-07-16 13:46:20,-8.6011,-38.5686,83.93,47,37,13.02
379,Morros,BR,2021-07-16 13:46:20,-9.4467,-46.3003,86.04,31,95,8.95
380,Taoudenni,ML,2021-07-16 13:46:21,22.6783,-3.9836,113.56,12,32,1.9
381,Maragogi,BR,2021-07-16 13:46:21,-9.0122,-35.2225,78.26,81,20,9.93
382,College,US,2021-07-16 13:46:21,64.8569,-147.8028,60.28,67,75,4.61
383,Tagusao,PH,2021-07-16 13:46:21,9.1924,117.8141,80.17,85,99,14.36
384,Venice,US,2021-07-16 13:46:22,27.0998,-82.4543,85.26,82,1,6.91
385,Tabanan,ID,2021-07-16 13:46:22,-8.5413,115.1252,77.4,88,41,5.37
386,Hami,CN,2021-07-16 13:46:22,42.8,93.45,95.47,14,0,6.58
387,Biltine,TD,2021-07-16 13:46:23,14.5333,20.9167,94.6,32,74,10.07
388,Kasongo-Lunda,CD,2021-07-16 13:46:23,-6.4667,16.8167,98.47,13,13,5.19
389,Bathsheba,BB,2021-07-16 13:46:23,13.2167,-59.5167,84.81,70,20,20.71
390,Kaura Namoda,NG,2021-07-16 13:46:24,12.5898,6.5779,91.27,47,61,8.59
391,Puerto Santander,CO,2021-07-16 13:46:24,8.3636,-72.4063,87.21,57,17,1.19
392,Namwala,ZM,2021-07-16 13:46:24,-15.7504,26.4384,72.77,38,26,11.25
393,Chapais,CA,2021-07-16 13:46:25,49.7834,-74.8492,60.58,72,75,6.35
394,Candolim,IN,2021-07-16 13:46:25,15.5181,73.7626,77.0,100,90,11.5
395,Kadaya,RU,2021-07-16 13:46:25,50.9327,119.2911,66.38,85,100,1.32
396,Genteng,ID,2021-07-16 13:46:26,-8.3667,114.15,71.31,94,94,0.96
397,Port Lincoln,AU,2021-07-16 13:46:26,-34.7333,135.8667,50.63,69,100,32.95
398,Denpasar,ID,2021-07-16 13:46:26,-8.65,115.2167,78.46,89,20,8.05
399,Ambovombe,MG,2021-07-16 13:46:27,-25.1667,46.0833,68.9,80,19,18.57
400,Grindavik,IS,2021-07-16 13:46:27,63.8424,-22.4338,52.27,87,90,19.57
401,Filingue,NE,2021-07-16 13:46:27,14.3521,3.3168,101.16,28,51,9.66
402,Dehloran,IR,2021-07-16 13:46:27,32.6941,47.2679,109.35,7,0,20.78
403,Christchurch,NZ,2021-07-16 13:46:05,-43.5333,172.6333,53.91,86,75,1.99
404,Carballo,ES,2021-07-16 13:46:28,43.213,-8.691,93.58,61,0,7.18
405,Martapura,ID,2021-07-16 13:46:28,-3.4167,114.85,78.89,89,90,3.44
406,Goderich,CA,2021-07-16 13:43:10,43.7501,-81.7165,68.92,82,100,6.91
407,Barbastro,ES,2021-07-16 13:46:29,42.0356,0.1269,90.77,25,0,10.0
408,Dzilam Gonzalez,MX,2021-07-16 13:46:29,21.2833,-88.9333,82.4,71,15,3.94
409,Shirokiy,RU,2021-07-16 13:46:29,49.758,129.523,72.23,89,93,7.05
410,Vigrestad,NO,2021-07-16 13:46:29,58.5667,5.7,67.89,74,0,20.24
411,Teguldet,RU,2021-07-16 13:46:30,57.3064,88.1667,59.36,72,19,1.68
412,Roald,NO,2021-07-16 13:46:30,62.5833,6.1333,68.11,72,75,14.97
413,Mnogovershinnyy,RU,2021-07-16 13:46:30,53.9353,139.9242,68.56,94,91,4.54
414,Itarantim,BR,2021-07-16 13:46:31,-15.6597,-40.0656,81.28,45,3,3.71
415,Itamaraca,BR,2021-07-16 13:46:31,-7.7478,-34.8256,81.28,80,30,9.33
416,Wajir,KE,2021-07-16 13:46:31,1.7471,40.0573,91.36,29,75,14.97
417,El Dorado,US,2021-07-16 13:46:32,38.7666,-120.5177,71.6,40,0,1.99
418,Stavern,NO,2021-07-16 13:45:58,59.0,10.0333,87.62,71,0,5.5
419,Tombouctou,ML,2021-07-16 13:46:32,20.0,-3.0,109.26,15,92,4.07
420,Marsh Harbour,BS,2021-07-16 13:46:33,26.5412,-77.0636,81.59,71,16,13.18
421,Goma,CD,2021-07-16 13:46:33,-1.6792,29.2228,70.52,70,86,4.07
422,Qovlar,AZ,2021-07-16 13:46:33,40.948,45.735,86.85,29,11,10.51
423,Ambalavao,MG,2021-07-16 13:46:33,-21.8333,46.9333,61.63,66,6,7.25
424,Tonota,BW,2021-07-16 13:46:34,-21.4833,27.4833,61.48,53,98,10.47
425,Laguna,US,2021-07-16 13:46:34,38.421,-121.4238,68.22,89,1,3.0
426,Darnah,LY,2021-07-16 13:46:34,32.767,22.6367,82.09,70,0,24.4
427,Manoel Urbano,BR,2021-07-16 13:46:35,-8.8389,-69.2597,86.47,52,0,1.83
428,Borba,BR,2021-07-16 13:46:35,-4.3878,-59.5939,87.49,58,88,2.33
429,Serra Talhada,BR,2021-07-16 13:46:35,-7.9919,-38.2983,84.0,47,43,12.62
430,Okhotsk,RU,2021-07-16 13:46:36,59.3833,143.3,57.99,91,100,11.45
431,Novyy Urengoy,RU,2021-07-16 13:42:02,66.0833,76.6333,52.02,92,100,10.56
432,Kuah,MY,2021-07-16 13:46:36,6.3265,99.8432,84.2,84,20,0.0
433,Marawi,PH,2021-07-16 13:46:36,7.9986,124.2928,73.65,95,100,5.21
434,Murray Bridge,AU,2021-07-16 13:46:37,-35.1167,139.2667,50.49,73,52,21.74
435,Varadero,CU,2021-07-16 13:46:37,23.1536,-81.2514,81.36,75,6,13.09
436,Fortuna,US,2021-07-16 13:46:37,40.5982,-124.1573,54.43,93,90,1.01
437,Khandyga,RU,2021-07-16 13:46:38,62.6667,135.6,61.97,77,89,3.74
438,Makakilo City,US,2021-07-16 13:46:38,21.3469,-158.0858,77.32,69,40,5.75
439,Oistins,BB,2021-07-16 13:46:39,13.0667,-59.5333,84.29,70,20,20.71
440,Qandala,SO,2021-07-16 13:46:39,11.472,49.8728,91.81,49,100,6.64
441,North Bend,US,2021-07-16 13:46:39,43.4065,-124.2243,56.91,89,100,0.96
442,Narsaq,GL,2021-07-16 13:46:39,60.9167,-46.05,55.62,51,100,3.13
443,Burgeo,CA,2021-07-16 13:46:40,47.6167,-57.6152,60.46,90,100,8.57
444,Maneadero,MX,2021-07-16 13:46:40,31.7167,-116.5667,68.11,86,92,3.6
445,Dubovskoye,RU,2021-07-16 13:46:40,47.4092,42.7575,95.45,21,72,11.12
446,Monte Alegre,BR,2021-07-16 13:46:41,-2.0078,-54.0692,84.4,64,13,5.03
447,Oxelosund,SE,2021-07-16 13:46:41,58.6706,17.1015,78.8,56,75,6.91
448,Bloemfontein,ZA,2021-07-16 13:46:41,-29.1211,26.214,60.28,20,0,4.61
449,Salto,UY,2021-07-16 13:44:46,-31.3833,-57.9667,42.96,100,90,4.61
450,Kaputa,ZM,2021-07-16 13:46:42,-8.4689,29.6619,81.81,31,3,2.15
451,Port Augusta,AU,2021-07-16 13:46:42,-32.5,137.7667,51.94,69,22,22.53
452,Flagstaff,US,2021-07-16 13:42:44,35.1981,-111.6513,65.46,83,20,8.99
453,Karpogory,RU,2021-07-16 13:46:43,64.0019,44.4451,66.85,74,100,5.53
454,Ourossogui,SN,2021-07-16 13:46:43,15.6064,-13.3211,94.28,33,100,8.75
455,Djenne,ML,2021-07-16 13:46:43,13.9061,-4.5533,98.64,29,55,6.76
456,Tairua,NZ,2021-07-16 13:46:44,-37.0167,175.85,60.1,87,100,20.65
457,Hofn,IS,2021-07-16 13:46:44,64.2539,-15.2082,53.62,82,20,25.32
458,Basco,PH,2021-07-16 13:46:44,20.4487,121.9702,83.3,83,71,11.92
459,Chokwe,MZ,2021-07-16 13:46:45,-24.5333,32.9833,71.73,38,22,12.88
460,Viedma,AR,2021-07-16 13:46:45,-40.8135,-62.9967,52.18,57,88,6.31
461,Portland,US,2021-07-16 13:42:22,45.5234,-122.6762,60.84,84,90,3.44
462,Moanda,GA,2021-07-16 13:46:45,-1.5575,13.2178,97.5,22,5,3.87
463,Wanaka,NZ,2021-07-16 13:46:46,-44.7,169.15,44.11,99,100,2.53
464,Katobu,ID,2021-07-16 13:46:46,-4.9408,122.5276,73.83,94,91,2.68
465,Mount Isa,AU,2021-07-16 13:46:46,-20.7333,139.5,60.57,33,3,5.75
466,Des Moines,US,2021-07-16 13:46:19,41.6005,-93.6091,70.29,91,20,5.75
467,Athabasca,CA,2021-07-16 13:45:10,54.7169,-113.2854,64.09,78,100,5.5
468,Mumford,GH,2021-07-16 13:46:47,5.2618,-0.759,78.24,81,98,15.82
469,Serafimovich,RU,2021-07-16 13:46:47,49.5786,42.736,85.19,37,75,4.32
470,Leningradskiy,RU,2021-07-16 13:46:47,69.3833,178.4167,36.36,97,100,11.32
471,Fort Nelson,CA,2021-07-16 13:46:48,58.8053,-122.7002,45.99,71,90,5.75
472,Broome,US,2021-07-16 13:46:48,42.2506,-75.833,80.83,76,1,1.01
473,Gravelbourg,CA,2021-07-16 13:46:48,49.8834,-106.5512,64.67,47,0,7.09
474,Acari,PE,2021-07-16 13:46:49,-15.4311,-74.6158,68.23,65,40,5.88
475,Marathon,US,2021-07-16 13:46:49,44.9,-89.7668,68.36,90,1,5.75
476,Savonlinna,FI,2021-07-16 13:46:49,61.8699,28.88,76.24,33,0,14.97
477,Chuy,UY,2021-07-16 13:46:50,-33.6971,-53.4616,51.98,71,0,5.21
478,Susangerd,IR,2021-07-16 13:46:50,31.5608,48.1831,116.62,6,0,15.95
479,Tateyama,JP,2021-07-16 13:46:50,34.9833,139.8667,81.01,89,96,4.34
480,Salalah,OM,2021-07-16 13:46:51,17.0151,54.0924,80.69,89,90,5.75
481,Wendo,ET,2021-07-16 13:46:51,6.6,38.4167,65.97,73,99,4.94
482,Kokopo,PG,2021-07-16 13:46:51,-4.352,152.2633,78.64,88,63,10.83
483,Adrar,MR,2021-07-16 13:46:52,20.5022,-10.0711,102.34,19,2,18.81
484,San Jeronimo,PE,2021-07-16 13:46:52,-11.9472,-75.2829,50.83,53,3,1.63
485,Nantucket,US,2021-07-16 13:46:52,41.2835,-70.0995,79.97,96,90,10.36
486,Ayr,GB,2021-07-16 13:46:53,55.4627,-4.6339,75.2,77,20,10.36
487,Visby,SE,2021-07-16 13:46:53,57.6409,18.296,74.77,78,75,16.11
488,Navolato,MX,2021-07-16 13:46:53,24.7672,-107.6944,81.12,81,0,6.42
489,Aksarayskiy,RU,2021-07-16 13:46:54,46.7924,48.0119,91.35,29,79,1.14
490,Xining,CN,2021-07-16 13:46:54,36.6167,101.7667,59.0,89,89,3.76
491,Kopanskaya,RU,2021-07-16 13:46:54,46.2779,38.4795,92.19,31,0,14.88
492,Ust-Tsilma,RU,2021-07-16 13:46:55,65.441,52.1498,75.74,33,83,5.1
493,La Paz,BO,2021-07-16 13:43:30,-16.5,-68.15,49.98,61,20,5.75
494,Pochutla,MX,2021-07-16 13:46:55,15.7432,-96.4661,77.83,73,100,1.92
495,Teluk Nibung,ID,2021-07-16 13:46:55,3.001,99.8164,80.31,86,92,3.74
496,Ballitoville,ZA,2021-07-16 13:46:56,-29.539,31.2144,68.16,52,20,6.91
497,Anadyr,RU,2021-07-16 13:46:56,64.75,177.4833,54.1,82,20,8.95
498,Turbat,PK,2021-07-16 13:46:56,26.0023,63.044,86.86,74,89,10.63
499,Santa Cruz,BO,2021-07-16 13:46:57,-17.8,-63.1667,60.85,88,90,4.61
500,Puerto Palomas,MX,2021-07-16 13:46:57,31.7667,-107.6167,67.33,57,86,5.03
501,Russell,US,2021-07-16 13:45:27,32.3502,-85.1999,80.51,86,90,0.0
502,Lardos,GR,2021-07-16 13:46:57,36.0942,28.0157,85.95,48,0,14.52
503,Arlit,NE,2021-07-16 13:46:58,18.7369,7.3853,108.37,6,2,8.08
504,Bandar-E Lengeh,IR,2021-07-16 13:46:58,26.5579,54.8807,96.91,56,82,9.22
505,Kingman,US,2021-07-16 13:45:21,35.1894,-114.053,81.9,60,1,13.8
506,Bonavista,CA,2021-07-16 13:46:58,48.6499,-53.1147,68.0,76,96,10.98
507,Quchan,IR,2021-07-16 13:46:59,37.106,58.5095,80.1,27,14,16.42
508,Mattru,SL,2021-07-16 13:46:59,7.6244,-11.8332,79.75,86,99,4.81
509,Khor,RU,2021-07-16 13:46:59,47.8861,134.9464,79.32,77,8,8.43
510,Kangaatsiaq,GL,2021-07-16 13:47:00,68.3065,-53.4641,45.52,67,12,10.89
511,Belmonte,BR,2021-07-16 13:47:00,-15.8631,-38.8828,79.3,74,23,3.71
512,Chandler,US,2021-07-16 13:47:00,33.3062,-111.8412,88.97,58,75,0.0
513,Dubbo,AU,2021-07-16 13:47:01,-32.25,148.6167,50.13,76,90,16.11
514,Port Blair,IN,2021-07-16 13:47:01,11.6667,92.75,81.81,79,100,10.63
515,Belousovka,KZ,2021-07-16 13:47:01,50.1339,82.5239,72.45,53,40,8.95
516,San Cristobal,VE,2021-07-16 13:47:02,7.7669,-72.225,77.18,59,28,6.71
517,Igrim,RU,2021-07-16 13:47:02,63.1906,64.4162,67.08,43,100,5.35
518,Harper,LR,2021-07-16 13:47:02,4.375,-7.7169,79.41,73,100,11.41
519,Tarakan,ID,2021-07-16 13:47:03,3.3,117.6333,78.3,94,40,0.0
520,Sinnamary,GF,2021-07-16 13:47:03,5.3833,-52.95,81.12,73,21,4.72
521,Acucena,BR,2021-07-16 13:47:03,-19.0731,-42.5464,72.12,44,1,2.48
522,Cururupu,BR,2021-07-16 13:47:03,-1.8283,-44.8683,87.91,53,7,6.33
523,Saint-Georges,GD,2021-07-16 13:47:04,12.0564,-61.7485,83.88,74,20,18.41
524,Campoverde,PE,2021-07-16 13:47:04,-8.4753,-74.8058,80.29,79,99,2.13
525,Cotonou,BJ,2021-07-16 13:47:04,6.3654,2.4183,80.58,83,40,18.41
526,Merauke,ID,2021-07-16 13:47:05,-8.4667,140.3333,77.9,90,90,12.68
527,Capela Do Alto,BR,2021-07-16 13:47:05,-23.4706,-47.7347,75.88,41,98,5.59
528,Prince Rupert,CA,2021-07-16 13:45:11,54.3161,-130.3201,55.09,94,90,3.44
529,San Borja,BO,2021-07-16 13:47:05,-14.8167,-66.85,74.17,62,13,5.41
530,Mackay,AU,2021-07-16 13:47:06,-21.15,149.2,72.68,94,40,6.91
531,Muisne,EC,2021-07-16 13:47:06,0.6,-80.0333,74.61,86,100,13.33
532,Mamburao,PH,2021-07-16 13:47:06,13.25,120.6667,77.99,85,91,3.71
533,Bahia Blanca,AR,2021-07-16 13:46:47,-38.7196,-62.2724,51.78,43,78,13.15
534,Bolobo,CD,2021-07-16 13:47:07,-2.1667,16.2333,97.14,21,58,2.73
535,Sola,VU,2021-07-16 13:47:07,-13.8833,167.55,80.26,82,46,16.82
536,Walvis Bay,NA,2021-07-16 13:47:07,-22.9575,14.5053,92.35,8,0,9.22
537,Saint-Michel-Des-Saints,CA,2021-07-16 13:45:08,46.6834,-73.9159,64.94,66,72,10.09
538,Manono,CD,2021-07-16 13:47:08,-7.3,27.4167,92.7,18,4,6.98
539,Aykhal,RU,2021-07-16 13:47:08,66.0,111.5,62.02,63,0,12.21
540,Chancay,PE,2021-07-16 13:47:08,-11.5714,-77.2672,62.33,78,48,4.05
541,Alliston,CA,2021-07-16 13:47:09,44.1501,-79.8663,71.29,73,20,1.99
542,Ocos,GT,2021-07-16 13:47:09,14.5094,-92.1933,87.31,79,94,8.23
543,Shalakusha,RU,2021-07-16 13:47:09,62.2247,40.2539,82.54,50,57,2.62
544,High Rock,BS,2021-07-16 13:47:10,26.6208,-78.2833,84.22,67,4,12.82
545,Necochea,AR,2021-07-16 13:47:10,-38.5473,-58.7368,42.04,52,100,13.04
546,Richards Bay,ZA,2021-07-16 13:47:10,-28.783,32.0377,67.5,54,5,11.86
547,The Pas,CA,2021-07-16 13:47:11,53.8251,-101.2541,69.82,83,1,8.05
548,Ashqelon,IL,2021-07-16 13:47:11,31.6693,34.5715,96.4,60,0,11.74
549,Tete,MZ,2021-07-16 13:47:11,-16.1564,33.5867,75.54,47,96,10.47
550,Pitimbu,BR,2021-07-16 13:47:12,-7.4706,-34.8086,81.19,72,26,11.21
551,Pacific Grove,US,2021-07-16 13:47:12,36.6177,-121.9166,55.02,92,83,1.01
552,Salisbury,GB,2021-07-16 13:47:12,51.0693,-1.7957,80.35,50,20,14.97
553,Tongliao,CN,2021-07-16 13:47:13,43.6125,122.2653,76.98,83,60,11.7
554,Puerto Baquerizo Moreno,EC,2021-07-16 13:47:13,-0.9,-89.6,71.44,86,91,12.48
555,Petropavlovsk-Kamchatskiy,RU,2021-07-16 13:47:13,53.0452,158.6483,50.59,100,0,4.47
556,Lac Du Bonnet,CA,2021-07-16 13:47:13,50.2536,-96.0612,72.59,42,27,9.13
557,Fairbanks,US,2021-07-16 13:45:32,64.8378,-147.7164,61.83,67,90,4.61
558,Uvinza,TZ,2021-07-16 13:47:14,-5.1036,30.3911,86.25,25,97,4.07
559,Boffa,GN,2021-07-16 13:47:14,10.1667,-14.0333,83.26,76,53,5.53
560,Hegra,NO,2021-07-16 13:47:14,63.4644,11.114,68.41,48,0,3.44
561,Havoysund,NO,2021-07-16 13:47:15,70.9963,24.6622,52.68,95,76,30.02
562,Wuwei,CN,2021-07-16 13:47:15,37.9281,102.6414,77.74,46,99,8.7
563,Avera,US,2021-07-16 13:47:15,33.194,-82.5271,82.9,67,80,5.55
564,Warmbad,NA,2021-07-16 13:47:16,-28.45,18.7333,71.69,5,0,5.97
565,Algonquin,US,2021-07-16 13:47:16,42.1656,-88.2943,68.9,92,100,1.99
566,Komsomolskiy,UZ,2021-07-16 13:47:16,40.4272,71.7189,68.72,83,40,11.5
567,Kavaratti,IN,2021-07-16 13:47:17,10.5669,72.642,82.94,76,94,16.78
568,Okakarara,NA,2021-07-16 13:47:17,-20.5833,17.4333,72.73,18,0,5.64
569,Jumla,NP,2021-07-16 13:47:17,29.2747,82.1838,65.55,96,99,2.33
570,Santa Maria Del Oro,MX,2021-07-16 13:47:18,25.9333,-105.3667,68.05,66,48,1.01
571,Camacha,PT,2021-07-16 13:47:19,33.0833,-16.3333,70.56,78,75,11.5
572,Yar-Sale,RU,2021-07-16 13:47:19,66.8333,70.8333,57.31,54,100,12.8
573,Westport,US,2021-07-16 13:47:20,41.1415,-73.3579,87.03,81,1,5.99
574,Miles City,US,2021-07-16 13:47:20,46.4083,-105.8406,74.37,49,1,8.05
575,Dolores,AR,2021-07-16 13:47:20,-36.3132,-57.6792,50.18,60,7,9.28
576,Illapel,CL,2021-07-16 13:47:20,-31.6308,-71.1653,57.42,45,3,3.27
577,Aksarka,RU,2021-07-16 13:47:21,66.5606,67.7975,59.31,62,100,10.33
578,Lunavada,IN,2021-07-16 13:47:21,23.1333,73.6167,92.41,57,99,8.39
579,Summerville,US,2021-07-16 13:43:25,33.0185,-80.1757,86.79,84,1,1.99
580,Challapata,BO,2021-07-16 13:47:22,-18.9,-66.7667,46.26,38,0,15.95
581,Rio De Janeiro,BR,2021-07-16 13:43:28,-22.9028,-43.2075,82.35,62,20,5.75
